{
  "trace": {
    "case": "schema_error_cap_missing_kind",
    "inputs": {
      "cap": {
        "raw_sha256": "sha256:08e553921170ccf718485035c4e7b48477814bcae75ada35d4b82645509898f4"
      },
      "dss": {
        "raw_sha256": "sha256:66d3cc526bbaabbe6bb65fffbf0c26635350cd6b6ac991590384d45b7943eabf"
      },
      "wss": {
        "raw_sha256": "sha256:ed1395e815c0dd0399e4de16fad654a5f2dfd46cf773a3de14fd51740652dff9"
      }
    }
  },
  "verify": {
    "computed": {},
    "errors": [
      "SCHEMA_VALIDATION_FAILED"
    ],
    "exit_code": 12,
    "ok": false,
    "schema_errors": [
      {
        "doc": "cap",
        "message": "'kind' is a required property",
        "path": "",
        "schema_path": "/required",
        "validator": "required"
      }
    ],
    "schema_sha256": "2b62afa2c7e699932e7a45bf6031e57c114b840bf934c0d57a660628110d0697"
  }
}
