{
  "trace": {
    "case": "ok_minimal",
    "inputs": {
      "cap": {
        "raw_sha256": "sha256:47285b3a0bb620f7f08d29019cde174bbfe3d6ceacb1f358548f5cf35159985c"
      },
      "dss": {
        "raw_sha256": "sha256:66d3cc526bbaabbe6bb65fffbf0c26635350cd6b6ac991590384d45b7943eabf"
      },
      "wss": {
        "raw_sha256": "sha256:ed1395e815c0dd0399e4de16fad654a5f2dfd46cf773a3de14fd51740652dff9"
      }
    }
  },
  "verify": {
    "computed": {
      "wss_payload_hash": "sha256:5041bf1f713df204784353e82f6a4a535931cb64f1f4b4a5aeaffcb720918b22"
    },
    "errors": [],
    "exit_code": 0,
    "ok": true,
    "schema_errors": [],
    "schema_sha256": "2b62afa2c7e699932e7a45bf6031e57c114b840bf934c0d57a660628110d0697"
  }
}
